1,Default,10,2022-04-26 22:51
2,Default,0,2022-04-24 16:05
3,Default,0,2022-04-26 22:50
4,Default,0,2022-04-24 16:05
5,Default,0,2022-04-26 22:50
6,Default,0,2022-04-24 16:05
7,Default,0,2022-04-26 22:50
8,Default,0,2022-04-24 16:05
9,Default,0,2022-04-26 22:50
10,Default,0,2022-04-24 16:05
11,Default,0,2022-04-26 22:50
12,Default,0,2022-04-24 16:05
13,Default,0,2022-04-26 22:50
14,Default,0,2022-04-24 16:05
15,Default,0,2022-04-24 16:05
16,Default,0,2022-04-24 16:05
17,Default,0,2022-04-26 22:50
18,Default,0,2022-04-24 16:05
19,Default,0,2022-04-26 22:50
20,Default,0,2022-04-26 22:51
